,0
NCKAP5,-0.10792143310869211
HDAC1,-0.011955665267694314
ALS2CR12,-0.15102305700666127
BFAR,-0.009660810782902488
ZCWPW1,-0.1433687763581285
ZP1,-0.15075426111922086
PDZD7,-0.10355097897747971
S100A4,-0.1773220083760735
APOOL,-0.10406915552197692
HDAC8,-0.01370968741162975
RALY,-0.019620477255290987
RABL3,-0.12443706705864421
ZNF490,0.008424178033732846
MRPL9,-0.030126835233039696
DNAH14,0.020061610688837547
OR51S1,0.0
SYNJ2,-0.07166230322003254
PRDX6,-0.1539867725214127
BAAT,-0.03307588934589242
PTPN11,-0.15900734661618343
UBE3B,-0.04015545132335171
DNAJC22,-0.05863856624071082
NCOA2,-0.10750652075186524
AMFR,-0.10293489876143395
TMEM229B,-0.05384457259367483
RBM45,0.055593530830866524
ZNF502,-0.2349251967655373
FZD1,-0.15906760396432704
CELSR3,-0.07442568123438793
NR4A3,-0.21932604490453855
PDGFRB,-0.11049379855964397
ALAS1,-0.06855478846783836
REPS1,-0.09702306353711011
CCL20,-0.12654150658484684
DDX31,-0.01074355583957613
CCDC102A,-0.13522075696295163
PSG9,-0.06839074852270782
DIRAS1,-0.0908664083030334
ATG12,-0.060569936514949366
BMX,-0.2956906725755231
TNKS2,-0.1116195964723046
TNFRSF9,-0.08300066820428771
MAGI1,-0.21312372536485563
GPR160,-0.0025503168589768054
ASB2,-0.05375299391970533
MRPL23,-0.08924947855150948
AURKC,-0.08051540702560461
INO80D,-0.12045183612435424
TFB2M,0.022451204769725303
TOR1AIP1,-0.1192761855302792
GABRG3,-0.08565302564836225
LEFTY1,-0.06696992975647464
SRGAP1,-0.10446265918402751
PRKRIP1,-0.03321019040828069
PCBP2,-0.08992783169221359
GUCA1C,0.0
NBL1,-0.09973700556839667
SURF6,-0.047332486622340235
TEAD3,-0.05889649173065029
GJB1,-0.17520188355248068
CYP2S1,-0.09802022146914233
SORBS3,-0.13155384588519065
TGFB1I1,-0.18102579855989046
FAM26E,-0.16114792850441154
OSGIN2,-0.09888009698196053
NAP1L3,-0.1736761320000729
TERF2IP,-0.14898562887957267
PDE7A,-0.09976652222069868
SRC,-0.0254348958368215
ANXA4,-0.07562563012409396
GPR146,-0.25309684528167814
BPHL,-0.06462123965547088
ZNF556,-0.11993127577056821
AIM2,-0.12226427588471254
ARHGAP25,-0.16892273433068225
BRIP1,-0.06266024668663343
TFAP4,-0.034837388918174506
CLK4,-0.19061703087992277
ZFY,-0.08838180964891662
PROM2,-0.022915317638767915
DLK2,-0.2751186132349458
UQCR11,-0.08452055882654433
SLC35F1,-0.15503391364149982
OR4C15,0.0
LIN28B,-0.0667466057084601
SLC2A9,-0.16456354347494473
DIRC2,-0.0566264432246368
NUP153,-0.09859811205450397
ZNF333,-0.17885079018965433
PARP1,0.047565976258866556
GRPEL1,-0.05745731810775044
ADRA1D,-0.11289844585553703
SVOP,-0.10057180045849248
PLEKHA6,-0.033033531276451956
NEFH,-0.1572863583500584
GABRA3,-0.08991224810740453
TTC17,-0.09557380149910905
ISL2,-0.09254188235105083
ATOH8,-0.27871143522867964
C1RL,-0.14598295496777927
TEX19,-0.07476449108874891
ZSCAN22,-0.06631125929640504
SAMD5,-0.2995350301046421
MRPS26,-0.04281656671838458
CNOT10,0.0010848014692442028
FEM1B,-0.13136417971369327
GTF2F2,-0.07319533554211874
OR51E1,-0.16415931623850988
HKDC1,-0.09104028701971448
IRX5,-0.004341730305090665
TTC8,-0.023382274039108253
CLEC4D,-0.03648041218950176
CLEC4E,-0.14452341323818924
GNG3,-0.03991072715898024
ADRB3,-0.08769551267268151
UBTF,0.050473899114042216
CD99L2,-0.22098228680245985
MYBL1,-0.11614518101921373
CDKN2AIP,-0.10467437947122682
NCAM1,-0.23132092281168623
PACS1,-0.04678229103645786
IFT57,-0.08888263372087907
MYLK,-0.2986398604244371
KCNG4,0.1527903941888977
CAPN10,-0.04427142515678805
YBX2,-0.10907687116252278
GIGYF1,-0.09526967268579822
ZC3HAV1,-0.07873721400747871
CSDE1,-0.1909495589169472
MEGF11,-0.06507965042284962
GPBP1L1,-0.05921125112127833
UGGT2,-0.09558592995757391
USP4,-0.09468099086635813
PDK1,-0.1275955862253035
LMO1,-0.1119860262082485
IQUB,-0.1605500468827845
BMP15,0.724459124777294
MLXIP,-0.16848443937276855
AKT3,-0.21072831505235973
ATP11C,-0.15786008671898447
LTBP3,-0.10092232263333448
IDH2,-0.05340040547997141
THADA,-0.06175991378714258
KCNT1,-0.13210402314484032
PAK6,-0.05651251900132688
IMPA1,-0.08785138514327748
SDCCAG8,-0.062147656665036265
SLC25A18,-0.22076605008254493
PIGM,0.02278063365367588
CYB5B,-0.13472519543383327
MARK4,-0.03279277787899515
ARVCF,-0.09723447212898159
ALG8,-0.13400669642429047
MAPK8,-0.08848722677644547
PRMT5,-0.05357839815993503
SNX22,-0.12114823789951508
IVD,-0.056945735786234165
BNC2,-0.14976950721939697
SSRP1,-0.07241228905681346
RANBP3,-0.00452346567347175
STIM1,-0.1500235464030849
ZNF202,-0.13104643411440592
RNF170,-0.14193047793051386
PGM2,-0.04240174322049415
RPS6KA3,-0.22297984192679568
GPR45,-0.04828632317784679
CFP,-0.18634303027893817
KRTAP5-6,1.0429140763996305
CIB3,-0.07826689409563604
CPXM2,-0.23347149842805595
ZNF30,-0.03296567724950173
GIPC2,-0.31761163052180397
ATP10B,-0.1389317583940614
ASCC2,-0.06877239856214157
SDHA,-0.08972360416424276
ESX1,-0.05407404968213987
XKR6,-0.1616825883174644
L3MBTL3,-0.12900394803421725
RLIM,-0.0359054399198261
NPVF,0.0
SPATA5L1,-0.05071768286717579
NELL2,-0.12085235836292028
LDHAL6B,-0.032778849369953386
PTN,-0.17847461540432935
CYP26B1,-0.2315046358845906
CLUL1,-0.1272268685603382
EXTL2,-0.16856672636987363
ELK1,-0.014656260024215188
STEAP3,-0.12545729073199435
ECHDC2,-0.17255268651444838
BLNK,0.012582992263003002
LRRC55,-0.10292501438035381
AFAP1L1,-0.2161427776356016
KANK1,-0.27885768076652206
MPZL3,-0.13790242938884978
CCDC136,-0.24467475185483678
CRY2,-0.23067709662320474
ELF2,-0.09160178320003744
GDE1,-0.011367188790776287
MYBPHL,-0.008425686815324062
ACSM4,0.9331836204411297
TNKS,-0.11840098768677486
FUCA1,-0.058789220080112004
NPBWR2,0.0
CCDC102B,-0.12698164903504897
FTMT,-0.04657073505913446
BEND4,-0.10813918285822703
TG,-0.09867400337375298
CCDC122,-0.13516859693423666
AGTPBP1,-0.16667905476111583
OSBPL5,-0.024227983867230303
NPLOC4,-0.05508500803821179
NEBL,-0.04672725660459186
FAIM2,-0.14211119639816888
OR10Z1,0.0
ADAM15,-0.03702566369924084
SLC2A6,-0.07871473322202098
G6PC3,-0.02876819496426821
CDK5R2,-0.07976516706117547
CST1,-0.1078874582199252
DHX32,-0.040157627148021555
TNFSF11,-0.09408030587843834
LGR4,-0.23762498940096172
CMPK1,-0.15917475721567084
BRAF,-0.10736604078534204
MED13,-0.11875718147201497
PSMA8,-0.07090149367308758
DNAJB5,-0.08707373353726237
RHBDF1,-0.013370746119077608
CARD6,-0.250203960230611
IER3,-0.08335484111741237
IQSEC3,-0.2607413589092107
FAHD1,0.02677315091645518
GATAD1,-0.07696023107439585
NDUFA2,-0.0648326394151788
EHMT1,-0.009017457272559048
HAS1,-0.183698175782099
C1QA,-0.1335428204345359
SDR9C7,-0.028165221116945548
LANCL1,-0.14595497882003236
ZNF330,-0.14135252658752998
RIT1,-0.015225630435486505
RBP7,-0.268817530489262
ALK,-0.15446387481286344
GFOD2,-0.08869534634857927
NTN4,-0.1853790819651403
ZNF619,-0.0816358328609032
PLCXD3,-0.22574349735314242
EDNRA,-0.09617685518397111
BMP2,-0.23663908550528362
CRTAM,-0.12406820181927405
GUCA2B,0.0
TRPM5,-0.05749067705255943
PTK2B,-0.10119647572386017
KLHL34,-0.10267886098421178
TARSL2,-0.17555600862007373
SCAMP2,-0.006761311951401286
CPEB2,-0.10820745486022597
SDC4,-0.10202151249297836
CLCN5,-0.09416273780862819
NDN,-0.25998195086708337
ARFGAP1,-0.036707519521489956
TRPC4AP,-0.08075572730558363
TRPV4,-0.13163934094560514
PSMB7,-0.05921720761902366
EPAS1,-0.2594059981695586
TRUB1,-0.028952076230144945
TRAF2,0.0009441242477998725
MPP4,-0.05428585969640212
IL20RA,-0.18944425629001715
SIRPB2,-0.0920387859388892
SART1,-0.03494827122264551
LIMD2,-0.10286234546351289
TEKT1,-0.04971452422173413
ZCCHC17,-0.04020862285781731
FXN,-0.12169229997261695
ARNT,-0.12892847616245584
PAQR9,-0.006243361827580786
GRIK3,-0.14759168421780597
MAGEE1,-0.10149932607109449
ARIH2,-0.12784473813770414
FAM76B,-0.1239438362173505
PIM1,-0.17546394895672268
CAMP,-0.09188533858720649
NDUFA13,-0.08576877906636593
SMARCB1,-0.021415550413089166
ILDR1,0.02899069994382803
CASP3,0.01919283137827555
UFC1,-0.001687645434232592
HOXA7,-0.23282947075949448
ANK1,-0.13313345651602668
CYP1A2,0.07018926697518965
PACSIN3,-0.058550563896586964
SPATA12,-0.09903981541685311
TMED4,-0.010066909381255639
CHM,-0.10587670742706277
MAPK7,-0.11061471452235076
TMEM50B,-0.09049474936734078
CDK4,-0.06818842859436168
TPH2,-0.019155588644928022
KLHL23,-0.10607966211219758
STARD7,-0.05243452098670403
STK4,-0.03693411873924941
DNER,-0.15050735239712842
SNX20,-0.10107547976429351
CALCA,-0.05626369190293733
HNRNPA3,-0.04915602135941416
NALCN,-0.2058085492143568
TWSG1,-0.0704130564103398
PSMB5,-0.030773751362482383
SNRNP25,0.0035369833958743538
HMOX2,-0.008443371964236838
CXCL6,-0.12478328769748294
CAMK1G,-0.09682028824608267
TMEM53,-0.08405308231958475
NNAT,-0.17572378373048028
C9,-0.026598714191045307
CELF4,-0.09734538979503805
F13B,0.10050192630398758
LTK,-0.1486378098162485
NR2C2,-0.11711841108334052
TMEM151A,-0.14447803224920194
SLC10A6,-0.27065564257669833
GP6,-0.13654623455840428
HAO2,-0.0504635084240304
BHMT,-0.10714199620405994
MCHR1,-0.12200120189499258
PSPH,-0.06913361042796656
CCDC62,-0.12138280802927559
HRG,-0.02302692134980949
HDAC5,-0.1391001172251126
SERPINA6,-0.14859304968928413
KTN1,-0.08546187735379329
RBL2,-0.1790168037207124
ACTR3B,-0.13164022868919684
GRIP1,-0.0974504111684653
WDR75,-0.07638942606442398
PAK1IP1,-0.12274903167197779
GNA13,-0.07415685505006836
MON2,-0.14095699981333798
HOXC13,-0.02665212904082633
ABCB4,-0.08300841571903048
PSMF1,-0.03458067592670323
NAB2,-0.06104841210992004
SLC39A8,-0.12902137285267368
DNAJC2,-0.04209938072046354
STK10,-0.06179026015173263
KCNE4,-0.13461385325442904
ENPEP,-0.13042213338127567
BID,-0.05692476013493311
TRIM45,-0.07525662123324478
SCCPDH,-0.01726974020811382
GSK3B,-0.00226191115391474
ZDHHC19,-0.03739157263482735
RNF149,0.03194893456887049
CEP152,-0.1282013697695524
PRMT6,-0.0125539703632903
ABHD6,-0.23898972824725576
SERINC5,-0.11718999795283444
RAB6B,-0.22920193548927387
CKAP4,-0.00789769352124315
ADAM10,-0.07401612349969498
OR4K13,0.0
TBX18,-0.20558066210981846
FREM1,-0.2794396209739409
PRDM10,-0.08130243789773701
URB2,-0.012423878070051802
GRB7,-0.15863649883659278
ABCA8,-0.2623878490023335
S100A7L2,0.0
FLT3,-0.11991718757757638
SLC27A5,-0.09110073279194157
POLR3A,-0.07262776288623983
HDAC2,-0.08446112226927872
PGK1,-0.04909990276591968
OR2J3,0.7118732609274316
MYT1L,-0.08555929398059288
UNC13D,-0.09742674986935926
SYNGR2,-0.029080937318282308
LPXN,-0.0951282821820234
MTOR,-0.07484977880841234
BMP2K,-0.1709703363065298
RAB33B,-0.13896148751117599
PRKCQ,-0.09206225342311157
VWC2,-0.06875406654384718
AGRN,-0.03953420016212637
RILPL1,-0.10375833142287195
MACF1,-0.1414203807895859
CEP97,-0.04763044867777503
POR,-0.06938974578801448
LPL,-0.2137717047488006
GALNT13,-0.16576921824748786
PTPRS,-0.17680961939174142
SPIC,0.018051182120411655
AP2A1,-0.016184656272520696
GATA5,-0.10545268405167212
SASS6,-0.018003474160630917
PEX6,-0.07781168223656995
DOCK8,-0.1641067174402063
SUPT16H,-0.04974391650155237
IGFL3,-0.05737209851270526
FNTA,-0.13054170474559287
APP,-0.15197427834890603
ASTN1,-0.2168468105545225
PHOX2A,0.06442970173838612
CYP27C1,-0.18162748769778828
EMD,-0.021843504782260274
RPUSD3,-0.0809215290014278
FAM71D,-0.005185121096519817
CHMP6,-0.07507232124321146
MYH4,-0.028943029874816097
ARSI,-0.06289669873867587
RDH8,0.164936622549019
ARHGAP28,-0.1841295850346444
EHD3,-0.1582824817686575
NUDT1,-0.07368985683675504
YY1AP1,0.022933893564233816
PRKAA2,-0.10491253903794324
PRMT7,-0.08429484882073686
GNG8,0.6475012424064635
RBM18,-0.08329303642174822
HDAC7,-0.09432111379979383
KLK7,-0.1175925723496315
CCDC116,-0.17682614722754195
CEL,-0.06696650822834221
HGF,-0.16929386910773536
HDAC9,-0.1613966170982635
SCYL2,-0.02345410782461325
PSKH2,0.5296090823177523
IFIT1,-0.12197577184002428
NLGN4X,-0.22788695335877968
SERPINB1,-0.05604688164592259
PIK3R5,-0.08900451731026081
AASDH,-0.13161881270108655
ZBTB22,-0.05381373734244745
CD2BP2,-0.011330171768592814
TIE1,-0.2237063579156725
GTPBP1,-0.062294873374770375
STX3,-0.018879081344491056
UCHL5,-0.01784789839481402
PRKCA,-0.2062215969393419
MAGEA1,-0.137137668281332
IL6ST,-0.13915806833475597
KLHL15,-0.1712712475109203
MANBAL,-0.07047973606589393
S100A16,-0.04009249386630435
ZKSCAN5,-0.038090125860855396
TBX20,0.016345264886639486
KLF12,-0.12379446584972938
HEPACAM,-0.19935830630620022
CAMK2B,-0.14342256844061738
DDX1,-0.08646439311309019
ATAD5,-0.06021888629529629
PAX2,-0.08807088745866525
RNF208,-0.059210295470198314
PHKG2,-0.003927859650975046
VPS41,-0.08188240797759833
CLCN2,-0.014747866025114976
CSDC2,-0.08544499234802372
LETMD1,-0.22797770711312837
PMM2,0.03554774429182401
KRTAP20-4,0.0
SLBP,-0.023088890442441497
SSH1,-0.07523446769763237
RAB7A,-0.045872498683972016
SLC38A7,-0.022704875017689127
DNAI2,-0.019434677633414756
SGK3,-0.15058008681319476
WDR5,-0.029161079013106907
IPO7,-0.04803239943781247
BRDT,-0.08364130980589415
MS4A12,0.0
ATRN,-0.10042181048407815
TMEM33,-0.004926289763252405
F12,-0.06979363931421795
MAGEB6,0.08807241807913506
RIMS4,-0.12529016473656704
TAS2R42,0.7741065699287755
ACP5,-0.07542291246479693
TMEM158,-0.13178130617726747
GALR2,-0.018685891634388146
CTNNA3,-0.053561621167089665
SNAPIN,-0.022268410859606222
SLC16A14,-0.10168869597302622
PIAS1,-0.11578041709251694
CHKA,-0.13049110613211956
MIXL1,-0.009037528772750804
ROCK2,-0.2049273837126339
TTC39C,-0.08408616772029844
CTCFL,-0.05451495393698394
CHD9,-0.21935096678131685
RXRB,-0.0767477702312194
LRRC32,-0.1404215753211095
ATP7B,-0.07817277003733542
MET,-0.12894223633896895
ST6GAL1,-0.13502917176152918
PTH2,0.0
CRIP3,-0.13346812675425446
MFAP3L,-0.16316750379370887
SUV39H2,-0.08733767317829395
NDUFB1,-0.10178197614859465
PARVB,-0.11191774181376825
BARX1,-0.13222167975807406
CYP1B1,-0.15936741742347615
SLC4A11,-0.15584195265993014
KRTAP13-3,0.0
QSOX1,-0.06259327604676225
DTL,0.004332504422183976
FBXL3,-0.16840067776191325
DHTKD1,-0.05215287686603434
ZBTB7C,-0.09993621286691974
ODF3L2,-0.0584529916581713
SLC27A4,-0.012981792487181166
TRIM66,-0.14917926818496818
ACTRT1,0.7427994446429216
ELOVL4,-0.11913973307789112
ZNF471,-0.20518948767688078
LYPD3,-0.09117914641823864
LONP2,-0.1239227761085787
MAPK10,-0.23848343183117673
CD302,-0.25180469796831656
CSF1R,-0.1482996797023973
CASP7,-0.05511756604465587
MOSPD3,-0.031142173258012006
OR5D14,0.0
CDK6,-0.19131855985095295
YWHAZ,-0.0407933991107623
TCIRG1,-0.06128658742688891
GPX6,0.0
KPNA7,-0.0881883232903605
SPO11,0.0
PPIL1,-0.004367954369875493
EIF2B5,0.0005253742221632663
ARNT2,-0.09491684059375219
IRAK1,-0.08233661381987918
USP45,-0.0824971017847063
SPA17,-0.04535121767098115
RPRD1B,-0.05036974235311721
EAPP,-0.06610381239958582
NRG3,-0.18501629430662164
PROK1,-0.05271268232575828
LCK,-0.12365226342482397
MOAP1,-0.08120406381351976
SHROOM3,-0.074279813166564
TMCC2,-0.16399078179132437
STEAP2,-0.17117676149280725
ENTPD2,-0.1138716367216602
HELB,-0.09553980946960032
GABRR1,-0.076870161022245
DDIT4L,-0.12318363109183801
CYTL1,-0.19438868314345026
SLC8A1,-0.14355020647653555
COPZ2,-0.17927923721796996
OR6N2,0.0
PLA2G10,-0.09642911897901356
SNX2,-0.10035434684892261
TTK,-0.04400238309127333
PARP2,-0.06889665962279537
HOMER1,-0.12558879386317023
ZBTB44,-0.18060250729035407
RAB40B,-0.15208996739594186
SNX7,-0.08450819675781594
CPPED1,-0.06452986921759872
PIK3CG,-0.13177275979034117
FLRT1,-0.10397618410577315
HEG1,-0.17001471226089535
TTC19,-0.11427811824101079
PLG,-0.02595861397009419
AEBP1,-0.04366244698485953
PPA2,-0.018847476219391014
MSRB3,-0.2718954379874079
CPOX,-0.08116737664072918
GBP2,-0.1848297145878072
LEP,-0.19884567180977186
OPRK1,-0.1300616955243968
CCNE1,-0.11419900821965179
TMEM132B,-0.15420222049816917
COX5B,-0.09265031793992731
NTRK1,-0.08360395675427496
PMP2,-0.06587390397832764
ACTR6,-0.0635992740184169
GNG5,-0.027379319196306987
AKR7A2,-0.06382625695556635
FGFR3,-0.11122333939099532
SUPV3L1,-0.08448415165607266
SLC29A2,-0.06151861677715405
USP6,-0.18561271183048375
ATF2,-0.07013628812484995
MRPL22,-0.013746415027857721
DCTN5,0.020758916161857467
UBQLN1,-0.05238245223206451
PTK2,-0.04173854595051168
ACSM2A,-0.049704439551373256
SLC16A7,-0.19736183823817668
MAF,-0.23089417627332312
SYK,-0.04798087848060817
JAKMIP2,-0.10466849407606604
IAPP,-0.03024539616508874
SYMPK,-0.02551242631678205
NCALD,-0.17210663407748852
SLC10A7,-0.1010274171010435
PYCARD,-0.08122239077359511
COX5A,-0.06175017892933204
CP,-0.16376818642337307
NDUFA3,-0.09783779344694203
ULK2,-0.14271479604260495
CAPN1,-0.006684302629219146
SLTM,-0.06669762609781522
HINT2,-0.09768336610002198
TSC22D1,-0.2024357418913936
RASSF4,-0.16819476249706242
NTRK2,-0.2945547957402277
TMBIM6,-0.013557003414055854
BTRC,-0.1044780595363185
ARF4,-0.0019352776175762133
LRRTM1,-0.033623197903963675
AK5,-0.2981983356181768
OVOL1,-0.014856881471482267
DMXL1,-0.16351933386956688
ZNHIT6,-0.10487690429167898
RXFP3,0.23028919607000303
CYB5R4,-0.05113365083964378
HIPK2,-0.1660000429084584
SPRN,-0.0788768649912882
TNFRSF13B,-0.1326907170907226
DNMT1,-0.027292876319923904
NAT2,-0.10153830681856046
YIPF6,-0.0336140653564034
MAGEB3,0.13537252433530245
MYADM,-0.20723233279802258
FSCB,0.35242520325080023
TOP1,0.039798839970105464
INCENP,-0.024227228433381764
TRIB3,-0.002841879976670767
HDAC11,-0.03410443760314401
CD300A,-0.0899757566388028
PNLIP,-0.03215645486277189
TRA2B,-0.056308107343684785
RARA,-0.07178279466064046
SERTAD1,-0.13585632498297887
RPS25,-0.19440977332200848
PTER,-0.06991009728508288
PIKFYVE,-0.16017046440067184
OSTN,0.37955846361836687
RHD,-0.12414890278464685
MPEG1,-0.18315577165435196
DENND4B,-0.044905429327094966
HIVEP1,-0.07525208893182193
TSPAN9,-0.02171257322209087
TSEN2,-0.03548099185370233
MYL6,-0.10377646207678523
NAMPT,-0.1587039310168721
XAB2,-0.06500432978175687
EYS,-0.1569726783601226
CAD,-0.055665132852409586
IGHMBP2,-0.13069623648939643
TJP1,-0.15689487283743977
NTF3,-0.17315033661971524
CEACAM4,-0.11850220987950232
MAP4K2,-0.01077856307651776
GDA,-0.09385290590646882
NTRK3,-0.20189343735328846
OR2F2,0.0
KLK1,-0.10168598312592131
ATP6V1E2,-0.12738923975325753
PPT1,-0.054824985968844546
HHLA2,0.029414177340886694
MRPL18,-0.038231294746740245
KCTD6,-0.09020635845360808
MMEL1,-0.07734643344564351
RAB11FIP3,-0.0034875910807414395
FGF18,-0.13143939812258107
TRIM55,-0.11045144931508387
CCR4,-0.0956313541878269
CDKN2AIPNL,-0.03943455682545363
WDR27,-0.1811923644723854
DYDC2,-0.12642461978420974
TBK1,-0.04802644857696297
ASAH1,-0.14453652309189377
ATP6V1G1,0.008136110214669812
SNRPD1,-0.016284742725330224
KCNK18,0.0
ANGPTL6,-0.0852559757263431
KIF11,0.017545099636725174
WDR70,-0.08892707397702956
BST2,-0.07516911607399668
SIX4,-0.047612916061019306
KRT85,-0.039905316988615054
SMTNL2,-0.08558549559234466
PPARG,-0.2363757717401135
OR8B12,0.0
CDK7,0.017498604998758265
IFNB1,0.04463948784373787
HUNK,-0.19570877836097253
PROX2,0.015034225403563285
GCLC,-0.15873290748797353
EIF2A,-0.14072983862754582
ARMC4,-0.12180969346009672
NPRL2,-0.005717198328168925
RHBDD3,-0.031839094419114325
PCDHB12,-0.20312614232220846
RASD2,-0.15413054893582562
NCOR2,-0.030667390485456292
IFIH1,-0.09814960689861106
SLC2A1,-0.09575506710016136
SETX,-0.13295926657873391
BARD1,-0.016081395179521975
LRP4,-0.07106949283971778
EPHA7,-0.1558758477888103
KRTAP2-4,0.0
SNRNP35,-0.0725041763615546
FMO2,-0.29718374604339304
STRA8,-0.01644220231194864
CREG1,-0.1568752829744678
AK7,-0.155907755675811
KCNJ3,-0.13285538075894912
PTPRM,-0.22049112523788558
TPPP2,0.2089287673591553
QARS,-0.0861345658000835
BBS4,-0.046100612644322324
ZBTB46,-0.12175382532070139
DCLK1,-0.188847317661633
KIAA0556,-0.00886905360314859
ZNF626,-0.06766326377201609
ZNF107,-0.05364409528359174
ZNF77,-0.105924143949469
MFSD11,-0.07204035648946229
FAM122C,-0.1129361108796306
DCST2,-0.15052841696618108
IQCA1,-0.17211904636913597
PIM3,-0.08078750563657308
ESYT2,-0.17175404282154444
SRP54,-0.018133334494454815
PKIB,-0.08305214379429396
DLEU7,-0.08726663148343927
MTHFD1L,-0.10488367387014154
BRD3,-0.02299394971340976
CCDC112,-0.02180816175865373
UNCX,0.0
KAAG1,-0.06068156533760914
GIMAP6,-0.2582170246013595
CNOT2,-0.11197176264633477
FBXO34,-0.07432153036387816
GLYR1,0.015706247671866253
IGF1R,-0.09134029389484691
MT1H,-0.040881597758766014
TUBA1C,0.021135412410513272
VWA5B1,-0.026033955841262155
TAAR8,0.0
PYY,-0.10362605252762301
RSBN1,-0.11745108936708666
SEC24C,-0.05206953130283773
ZNF543,-0.0907589206884813
ZKSCAN3,-0.07949840428021318
DECR2,-0.053502584432559
ZNF189,-0.14670093922827246
TTC32,-0.10253852682006044
SIVA1,-0.06761485476064018
ZNF280D,-0.1775584153095864
SNX17,-0.061552430105773284
ZNF415,-0.0712719093452012
SLC16A3,-0.07584717342679556
DPP8,-0.11739205941710062
PCOLCE2,-0.22529964506155778
MAP2,-0.1961737546614267
PRRX2,-0.11666529093236054
PDE4B,-0.16838833220510527
TSN,-0.0479456596271541
ARHGEF4,-0.21270535295565118
PARP9,-0.01527665694965946
CHST11,-0.029762293272519093
TEX11,-0.05318280877150577
SLC25A37,-0.18602137730489499
FAM118A,-0.1277794382390813
FAM114A1,-0.034974275371911244
ANKRD28,-0.09325908134164998
ZFP36,-0.2514609969379422
TMPRSS9,-0.08307548051423966
GPR50,-0.00523864366720711
ZHX3,-0.22445022244945942
WDR24,0.0008365017931591059
IFI27L2,-0.14247008012007098
SRP68,-0.08101696093702075
PDGFRA,-0.19929137864076785
PIK3AP1,-0.11877744088276133
TP53RK,-0.04287885763011235
LHFPL1,-0.15576393611161105
VHLL,0.2515060238217169
TTBK1,-0.09174990217749508
FAM114A2,-0.05515151853643229
ATP10A,-0.06442766210908284
FOXN2,-0.2048331057774867
GALNT8,-0.07097564124529758
ST3GAL6,-0.19453109558282214
AFMID,-0.09839503934995818
INCA1,-0.1079647985488995
RNF32,-0.06421777672933443
MDFIC,-0.2060657414589459
GPR137,-0.012804194605849235
LY6H,-0.05044007311612535
IGSF9B,-0.15224226878657948
DUSP4,-0.1157106151738193
ATN1,-0.13116366212895528
ROR1,-0.23345021504913877
MANEA,-0.12932799216600993
CTRC,0.055326032544674435
HPSE2,-0.2448546537534824
PSCA,-0.12467727894092757
KDM4B,-0.017670123006187272
SNX21,-0.2013231045823863
LPIN2,-0.10633749983807865
MAST4,-0.18101757573879781
FUCA2,-0.05593658011078749
SMU1,-0.0787177111233319
TOR3A,0.05542544005458313
SLC24A2,-0.03769173787782592
VCL,-0.18700881879195408
FSCN3,-0.03474121214990578
IGFBP5,-0.16242463191667206
BCL2,-0.1305187967758554
RGS9,-0.17492028417963873
SULF1,-0.043038337306680906
TBXA2R,-0.06312868352452522
SENP1,-0.03899011245072823
APLP2,-0.14846458291363332
PAPLN,-0.1794509892084228
HIF1AN,-0.09276289189863543
CD164L2,-0.2147052984171616
CACNA1E,-0.09024333878464023
DGAT1,-0.1283467338706321
PIK3C3,-0.09605281725142448
GGPS1,0.025846828530594744
ACTA1,-0.030597962819981016
ADCY10,-0.15187637905052845
DCAF8L1,0.006435998502801538
DOCK4,-0.18083919917887956
OSBPL3,-0.08837928418929207
PIK3CD,-0.15237348815971974
ZKSCAN2,-0.05219455361023473
BCR,-0.09633932299741034
LRRC66,-0.12957933340364278
SLC46A2,-0.1418633963610704
SHD,0.014708743173497357
GCG,0.0
PAPSS2,-0.15686476127245205
PPIA,-0.02947246518705514
FGFBP3,-0.07755144966406227
AMIGO1,-0.18524601831210682
UBASH3B,-0.15239359362946395
OST4,-0.024030369777408238
COMMD1,-0.10709400679631197
CDC123,-0.09437039000601008
BRF2,-0.14630364154254732
ZNF468,-0.005844701941753444
ZNF195,-0.08741520636082822
AKT1,-0.007483703369693644
PLK3,-0.1773303230862396
SETD1A,-0.014122816004919728
KNDC1,-0.1398184533686421
ZNF697,-0.06434154870946508
FGF22,0.2381995826712928
BUB1,-0.01703308199190014
CDK1,-0.015126457524667191
LARP4,-0.01946054902343769
COPZ1,0.03282108039333187
POLG,-0.08659494820910352
PCNA,0.02074974562667281
ASPH,-0.20129624787334138
CEACAM19,-0.14815381220185486
GRPR,-0.1428055839114881
AURKB,-0.045550758884888784
TMEM57,0.03375902630540991
KCNH7,-0.03302590609545786
ARHGAP9,-0.12220548784135045
CHMP5,-0.03472736118258861
ABCB5,-0.2654479694843439
KCND1,-0.15036446081733543
EGFR,-0.1136868406188258
SERPINE1,-0.1043323695759107
DMBT1,-0.04724181897022607
HNRNPH2,-0.024012396727791877
KCND3,-0.1668747277427375
LRRC1,-0.00482342567604931
GCNT1,-0.128049191816963
FGFR1OP2,-0.16846497499942448
PPM1D,-0.17634216577058795
ADA,-0.08356512881191258
GJB4,-0.10859940295522023
TMEM86A,-0.12559668814881825
IL9,0.0
MED23,-0.08157521004212463
TCEAL8,-0.025707014637759706
ATR,-0.08255747227345124
HSD17B14,-0.11237055343900021
NFKBID,-0.12035357058697022
GNA11,-0.07512983599209018
ATM,-0.16577300740669168
SF3A1,-0.11049852047327599
ABCA5,-0.2699131831855885
CRYBB1,-0.10622542987438423
FAM151B,-0.019993525052001002
PHF1,-0.12366800049739951
DTX2,-0.03477275188337881
CARD11,-0.106705323032314
DDX6,-0.08865630748698387
F3,-0.2458889318141888
MADD,-0.06332436038881624
SMAD4,-0.16880674695928863
HSPA2,-0.10941219243242327
MAST3,-0.09760257193798248
BCL9L,-0.07254272043501658
NBEA,-0.13949484054963535
NAALAD2,-0.204526919823366
APCS,0.0
ATXN7L3B,-0.09893265371905074
EXOC3,-0.09955814009560979
HOXA11,-0.1301159727020729
MDM2,-0.1072760154095483
NR4A2,-0.19878908459443867
ZNF704,-0.18542351990130695
MS4A5,0.0
TOR2A,-0.003696018421574325
TNNI3,-0.08888258843621574
S100A8,-0.11373665403882104
WBP11,-0.0864345001456016
GCKR,-0.029378338520716633
LAMP3,-0.12296856794187645
TARBP1,-0.019802200106835328
VENTX,-0.1616292521677486
RPS6KA1,0.016628071527760618
TMEM106A,-0.06722223037541113
MEGF8,-0.13855921355010692
REC8,-0.13998136078893425
ZNF347,-0.10452764756041007
GHR,-0.22382615505962658
SLC39A10,-0.060923267553510026
NKIRAS1,-0.1422330526502225
FGFR2,-0.09415789649545911
ITGAE,-0.10600998021168773
CRB1,-0.15098898985485343
PDE5A,-0.20740558617325333
WDR77,-0.045741752153818885
DEPDC4,-0.09697520012246151
UHRF1BP1L,-0.05042761338399395
BCAR3,-0.10334200987915498
RIBC1,-0.0651581648590968
CXCL10,-0.1206676256586216
B4GALT4,-0.014547449155902312
PENK,-0.07670343006961564
FAM19A2,-0.1021242765061619
GRIA4,-0.2749236575255721
ABCC8,-0.11810481004004131
BLOC1S3,0.02564052968116137
ZDHHC5,-0.03376647876298952
MYO18A,-0.13432527447227532
LMO4,-0.1551377432375591
TMEM170B,-0.20185220156310862
LRP2,-0.1606348031472954
EBF2,-0.23313554133344713
POU4F1,-0.09380045363536627
FCGR2A,-0.0658788759564392
WIF1,-0.11269482922595023
HIPK4,-0.13547939406495152
GCC1,-0.02137689726307326
KLHL11,-0.10359928901020425
CCDC73,-0.15850041871421564
MAPK1,-0.09878526634353557
PDZD9,0.06383875137806162
SUGT1,-0.05988855834976738
AKAP4,1.2176729658184244
ARID3C,-0.003822359165265785
NLRC4,-0.11743200546451756
ENO2,-0.07580029489894624
CYP2A13,-0.07529742648322568
OR1G1,0.5792396525759803
INSL5,0.23296209161077805
SORCS2,-0.08077224096202294
GLRX5,-0.04203596332770154
LETM1,-0.025819405765009375
MAPK3,-0.09838327666640163
SLC38A11,-0.08263891099538323
CRBN,-0.17116248164840364
UCN2,-0.09099186580004326
FKBP1B,-0.17150640711330467
GADD45B,-0.13471908239100897
NES,-0.20279067034012366
FGF11,-0.17861268194692106
PKP4,-0.11032139296914308
FJX1,-0.09721165857639426
FAM135B,-0.12473427720335385
AURKAIP1,-0.07806537274313616
VSTM1,0.20391707503982562
SEMA4F,-0.0836703052803626
GPR152,0.027015501031433468
RABEP2,-0.03685209608724201
NFATC2,-0.19093810337380884
NACC1,0.06005977139779166
SESN1,-0.20005096788851118
MAP1A,-0.17475013503634942
RNF11,-0.15144207322559872
IL2RA,-0.11109845218925822
RNF181,-0.04610730551389576
PPP1CB,-0.1374248569630222
FCRL4,-0.06174888947571138
KCNG2,-0.1008065905016057
PNPLA6,-0.04068653952937704
F2,-0.028101900198207002
LSG1,-0.02049802066485441
SOD2,-0.2013416444879968
MYL5,-0.11582582305464813
NPW,-0.12957254307277968
MYCBP2,-0.22634140790296445
KLHL3,-0.22624392826332945
NR1H4,-0.059581844372561185
HSPA5,-0.021385369711751055
POLDIP3,-0.12199708604186132
NARFL,-0.03719826648205942
NUDT5,-0.0741187991650947
HOXA13,-0.13867275336607418
ASB8,-0.07202608830609371
TAP1,-0.09530655065477235
ZNF92,-0.11593868730099988
ODF4,0.27372438498324314
CEP350,-0.03431568780524484
ATP7A,-0.11407726602515406
ZNF35,-0.033731443818692614
POC5,-0.022721629432157976
RIN2,-0.08399924218325477
STARD4,-0.10921142999608367
ST7L,-0.1231659181648506
LOR,-0.028976181524331405
FBXO41,0.006521517078964984
KRT72,-0.03944462191022026
NOP10,-0.054363742730745186
STK11IP,-0.017260447084024855
KIT,-0.2793955323454964
PRKCG,-0.07083693031164964
TGFBR1,-0.11702279136772317
APOBEC1,0.05612388393014608
ANAPC10,-0.1306112322891859
WDR74,-0.08210675741000253
TM7SF3,-0.09564481129545906
SLC24A3,-0.1197632247291452
CSF2RB,-0.1218764940762723
SESN2,-0.07769103043335245
FFAR2,-0.10040102008816541
ZWILCH,0.012729422300452391
RELN,-0.20162137022873253
EGLN1,-0.11726328009604141
PLK1,-0.011314084429966183
DSPP,0.4293640522605453
ANKRD30A,-0.05036970608697288
GEMIN7,-0.026146256890384627
FRMD1,-0.19465914781291507
STK11,-0.02862644165672606
CER1,0.26276501194220775
PEPD,-0.12294191645391085
CXCR3,-0.11391433799786999
CHUK,-0.058454837516642176
GJA4,-0.17724373465818585
TEX264,-0.036671432722871496
ZFC3H1,-0.11589430137080368
STC1,-0.13243875337893857
IRX3,-0.055118132564257
TRIM7,-0.11041015882394985
GH2,0.2129809246392294
ITPKB,-0.1267976894408934
AGAP3,-0.052178103533842494
STARD3,-0.15730881882841707
GPRIN1,-0.03856460339024487
CYP2W1,-0.0675491352081636
ZFAND1,-0.15397687801872648
CD3EAP,-0.0444273689161941
KLHL36,-0.12263291200810475
KRTAP6-2,0.0
ORAI2,0.010035382695097622
CDH15,-0.04989817537596506
TMEM203,-0.03902758214215471
PDE4C,-0.1353779999796582
IARS,-0.01742472576629464
FARP2,-0.0698452863989075
GPRC5C,-0.08893879920195079
ZNF135,-0.09689226603456733
ANGPT1,-0.25884123610520393
PRR16,-0.1628950228445003
DVL2,-0.09860510094596193
ALDOB,-0.04573894203609174
PHF12,-0.09342124248016632
PFKL,-0.0247201390340638
KLHL24,-0.16549292010799344
BRD4,-0.0542351041122094
AKR1E2,-0.15231411191974065
HS2ST1,-0.0873965661219346
UPP2,-0.07229157021487458
LRRC58,-0.06331665178182078
CLYBL,-0.18807446336906453
FBXO47,0.043744636869246005
PTEN,-0.15263575257290796
ROM1,-0.13313818264090102
HEATR4,-0.1253413808789324
RBP4,-0.22089501161018957
PYGB,-0.16978762644389997
SERTAD2,-0.0991227520409806
MNX1,-0.08242414749548187
KDM2A,-0.09923526674797291
CD8A,-0.13791848373042234
FIGN,-0.1993801251866352
ACVR2B,-0.09265713226165138
ZBTB20,-0.2270814694824734
KPNB1,-0.010370280825227046
FANCB,-0.06911937480647164
ZDHHC2,-0.23053837276197264
AKAP12,-0.2424813829889979
AKT1S1,-0.0342735069658973
KRT3,-0.030732501905989175
SPTLC2,-0.08939132031960198
CSHL1,0.0
KIF17,-0.21723436331664148
HCN1,-0.1255257413468433
MRPS16,-0.02911799812609658
CATSPERB,-0.11737519647470378
CORIN,-0.08296334787735912
GREM1,-0.09814819144407207
RAD51AP2,-0.10392191706549563
EDA,-0.264033553663033
SCAP,-0.07073991031399196
HIF3A,-0.27840088006857416
FHIT,-0.15263636236808978
CHST14,-0.03262992321978955
NDUFAF2,-0.11803797925016016
KIF21A,-0.048013494199239025
MTX3,-0.09607070705256783
COG5,-0.06324949789560204
DEFA5,0.0
HRNR,-0.2304850542652818
LAYN,-0.1775908322845566
CSRP1,-0.253995323432988
CHMP2B,-0.06620322447119867
CDK5,0.009771091654760367
PLCH2,-0.23192766982982574
YPEL2,-0.15102683735442604
SLC5A9,-0.18502721246092066
TLL2,-0.08966917384588334
ATF7,-0.18932009798512592
CREBBP,-0.06949316736076822
CDH1,-0.058819910229242885
ROS1,-0.04126589712190929
DCK,-0.0245009074633122
ELMOD2,-0.011469996718959012
LRRC40,-0.09266741271105428
ARHGEF33,-0.16348311719642644
ZNF284,-0.05671699808366018
DMXL2,-0.06198623814353608
ZNF473,-0.08513556044448203
PIH1D1,-0.06841916457324237
HDAC3,-0.0410357063618755
CCL28,-0.2901153267626172
ZHX2,-0.06737457052237457
MKL1,-0.10811484570684203
ALOX12B,-0.07052082295215893
CTU1,-0.08489586682090132
KRTAP11-1,0.0
BCL2L12,-0.02907351466005166
BZW2,0.0033325173538823
TFF1,-0.1348153288133825
SAMD4B,-0.06475910784994605
GNG2,-0.23216762366219054
ACTB,-0.012023706380187807
DDC,-0.11233083050178154
FABP1,-0.028475326465462355
MAP4K1,-0.11297703371472512
VEZF1,-0.09198352485120444
DDX18,-0.08845754677259805
USP1,-0.11623773051966464
STON2,-0.12451938511578732
FLT4,-0.2306222943679409
LSR,-0.03817422592653564
GABRB1,-0.06139467178178402
PPM1M,-0.1389216812024066
LRIG3,-0.272477686708459
ZNF345,-0.1746419699736245
PDCD6,-0.0035200228206522894
PBX1,-0.053632464434158554
MAP3K8,-0.20834003052209163
NSMCE2,-0.0515919764372743
NMT1,-0.15265143719613963
GSK3A,0.022494788384413756
MRPL36,-0.043399067537260846
JAK3,-0.11713884581281421
SAMD1,0.03222056882228676
STRA6,-0.06988018887358795
PER1,-0.27937949549698404
GPAM,-0.19863658648769025
ATP5J,-0.09230362282702342
CDC7,-0.048381075944076174
GDI1,-0.013438874866217896
NUMBL,-0.11273494809729778
ABTB1,-0.15340401003249532
TEK,-0.2556437374337365
SLC30A10,-0.016057636591606975
NMUR2,-0.033261422217114166
SEMA3D,-0.24423875995207728
SYNM,-0.3056354978308462
ZNF76,-0.03310157817633328
CLEC1A,-0.26677427657897473
KLHL4,-0.08840581493135376
R3HDML,0.01293110967591456
ZNF157,-0.07082377715315966
CELF1,-0.022810918857825213
NLE1,-0.12622990202547485
CSTB,-0.10197228679998961
TIAM2,-0.16826787040377755
NXPH2,-0.05740121185973539
IGDCC3,-0.14629993995261936
LDOC1,-0.09157742650316061
SDC1,-0.03134757288723737
UBE3A,-0.06661009614980143
B9D1,-0.07765624019765575
COLEC12,-0.18499276993099045
ECHS1,-0.14101765819846498
PARVA,-0.20530129568067965
ARL11,-0.05864577724632684
PHF14,-0.03156322265729074
KRT2,-0.04111020621382206
SLC25A26,-0.17698790386011098
CLN5,-0.12507445333368233
SIRT1,-0.14040405554999627
MAP2K1,-0.12569403317633301
NXF3,-0.07782190818092925
ITGB2,-0.08880717884900174
MAPK11,-0.1533512257380496
ERMN,-0.09664674765191272
POLR3G,-0.1534267604234764
CLECL1,-0.11268023548570673
GATA6,-0.1694617299226702
RRAGA,-0.10660442445942114
NDUFB2,-0.06513930878759584
ALLC,0.2189130663880457
ERGIC1,-0.0018685941184799154
MAN2A1,-0.10823948984019903
PHOSPHO1,-0.08651674402754425
TSSK2,0.0
TBCEL,-0.10310032542253765
AXL,-0.15514312162167437
EHMT2,0.010886952718964855
SOX15,-0.13354641000789524
FAM102B,-0.12621226396930763
MGAT1,-0.09665133452712796
WFDC10B,-0.04641413742436613
ANKRD10,-0.0740346585349147
ELL2,-0.1494835986313326
ATG9A,-0.10553145573092997
KIF5C,-0.13561396120528282
TMC3,-0.14924484546347047
EFHC1,-0.10438867583363935
CLEC16A,-0.03485225274192224
THOP1,-0.0492585185293953
SLC12A6,-0.21123800552424007
RHBDL2,-0.10345561322610472
USP32,-0.12287860866861366
RAI2,-0.1772424379390328
RNF25,-0.04315584965629926
GDF5,-0.17596781981075874
CHST1,-0.10737412566128271
SLC22A8,0.5898978710888585
GPSM1,-0.044379119978796316
NRSN1,-0.05905592868687621
TBX4,-0.14991585873130586
DDR1,0.0026091508243171586
SLFN13,-0.18587888372722072
MANF,-0.014753315820575518
UBQLN4,0.0256657981446372
TRADD,-0.09471277660899935
SWAP70,-0.16816771038569003
PEAR1,-0.2984496498501162
GABRB2,-0.14928496079426065
DOK2,-0.15130379439806166
HEATR6,-0.11414801917165329
CLPS,-0.011888836434789368
PHLDA1,-0.1924832499306495
DEK,-0.13423003923163243
NRL,-0.055043788059323216
PTMS,-0.058414914954627715
OLFML3,-0.15625264415162182
RAB6A,-0.09228547070087455
CSAD,-0.15254948709512914
MMP1,-0.1378887996254434
ZNF3,0.0005554492966926438
HYAL2,-0.07354311104614816
SLC30A5,-0.037885670548371296
NSMCE1,-0.0525152334037702
USP38,-0.05842349626953249
ZFP1,-0.13205724889841058
ENO3,-0.030674078625848054
CTAGE5,-0.05961621284666235
GPR183,-0.13258183939825227
KIAA2026,-0.11041112503922541
MRPL46,-0.12841441794395392
USP16,-0.08839852027201035
NRXN2,-0.11091299108090909
RPS18,-0.12404757942085885
ASRGL1,-0.14073133157849693
TMEM106B,-0.08153018644065128
GABARAPL2,-0.14619342222113205
DIXDC1,-0.254120757162227
PFN3,1.8589782533046193
STARD8,-0.2200881995940112
DNAJC15,-0.06997652915658481
VPS37A,-0.09738993845673238
CKAP2,-0.0008545396042160234
CAPG,-0.023424945227638164
PUS1,-0.048206950749798055
SLC5A6,-0.13003546967906074
NEUROG1,0.0
OR2C3,0.3551847610545703
MOXD1,-0.11213625022158653
PDP1,-0.14981852112506117
GTF2B,-0.09770046741321699
ZRANB1,-0.13964649409481064
RIC3,-0.26464425324575525
MYOZ3,-0.07970306469054987
MME,-0.3089741592563183
MDM4,-0.05774293375800473
ARHGDIB,-0.07230772354084665
KIF9,-0.03213382755257848
RNF112,-0.21577840050460576
IGSF21,-0.1469384376230152
SLC25A38,-0.03481952923493353
RET,-0.10905222855055044
CRCP,0.019047246785428143
SLC25A20,-0.18033113625204986
JAK1,-0.1724184111349372
DEFB116,0.0
ERCC5,-0.1471321483258849
MORC2,-0.01504708826974696
PAPD7,-0.13167745453207813
VNN3,-0.13175964211399493
RNF168,-0.10684327830442619
STAR,-0.030624243080692344
PLEKHG1,-0.20267766125954687
FLG,-0.06254978307628489
PBOV1,0.127662913510289
PRKDC,-0.062221472758988
MAPK14,-0.12270605263241137
METTL3,-0.07251139223254614
RTN4IP1,-0.10555320848584121
MAFK,-0.12009033389538568
EZH1,-0.25604416663957424
GCHFR,-0.11618800231958988
GAB3,-0.20315874979319598
SLC25A1,-0.1109896816558477
DENND1B,-0.126650398553256
RNASE2,-0.071167161524365
ZBTB43,-0.0798736441420934
TCP10,0.0
NEU4,-0.11780749446446782
DCTN2,-0.07755364807630717
NGFR,-0.26531615507759965
NPHP3,-0.2443602321773943
WDR1,0.004973996104605052
TSGA10,-0.14935458516593372
ICA1L,-0.17015572932069875
WFDC10A,0.03934224181248651
DYNLT1,0.005272878879936613
CD320,-0.1207491686278413
CPNE7,-0.11134871785492721
GTDC1,-0.1765739219187415
KNTC1,-0.0023217629038247718
WEE1,-0.17038866672732872
VARS2,0.013867663771266667
SLC23A2,-0.17854311502003317
RFPL2,-0.08697647231709221
CDR2L,-0.07319338184028938
PQBP1,-0.07902393667794705
SEMA4A,-0.01162499542512058
NOL7,-0.04741817372549357
GPC4,-0.08468781779607712
PLAGL1,-0.27840319074438696
KCNT2,-0.19146346067275757
CCDC127,-0.011116625620768013
ACAP1,-0.13338892503629443
ZNF414,-0.055923224642729544
USP15,-0.1139097189923495
UNC45B,-0.031430721676382535
CSTF2,0.031206831565327192
ZNF462,-0.2332937089965783
OR10J5,0.0
DYNC2LI1,-0.04575395161493299
TOR1A,0.01464903023550745
UBE2A,-0.006550238004291287
ACTR1A,-0.026947580497958958
HNRNPU,0.08318765232111201
DEFB118,0.0
FGFBP1,-0.11359640632280536
EFTUD2,-0.01241111243907628
MC4R,-0.005827745056734798
KRTAP22-1,0.0
NR2C2AP,-0.04620296026780082
ZNF620,-0.08678907353485521
ERI1,-0.10148294020732124
IL17F,0.8302109617045315
MUC5B,-0.1281468298423571
TCTEX1D4,-0.11502477652413472
HCLS1,-0.10821912296176533
RBP2,-0.0969972032000615
RBM3,-0.054202192760263015
KLF6,-0.24555956613102822
NEU1,-0.012257713341154048
ZNF426,-0.15356054467972838
GPR39,-0.04269325076065769
SCGB1D2,-0.10280474826875374
GEMIN5,-0.07662915001353066
RPL30,-0.09480454236237047
PPM1L,-0.21236322924992676
DBR1,-0.009146821450381308
PALB2,0.008634062035929159
GLIPR2,-0.17213208233178096
TESC,-0.18321529771413037
JAK2,-0.16412505629472285
TPPP,-0.23810700844773583
APCDD1,-0.2551762773604173
LLGL2,-0.020344858957236523
B3GALT1,-0.21835737042031544
TNFSF10,-0.1345716047075567
FGFR1,-0.1979791388334888
MFAP5,-0.20651983894556514
GGH,-0.08533323394081126
KLK12,-0.045896792409915
RDH12,-0.05412402325483563
ECSIT,-0.11758328239267445
HAPLN4,-0.17837652199809387
MYL6B,-0.08593427232591574
SLC22A7,0.07606772046139307
UBE2C,-0.035331485193822794
UQCRH,-0.09583540908235304
CCDC34,-0.08934393321671814
DENND2A,-0.2753281240029008
PDE1C,-0.28571274968916455
SYCN,0.0
SEMA6C,-0.09890413733967798
F11R,0.007136314914425997
ICAM3,-0.09315674089554746
ATP6V0A1,-0.10881778631108614
RNF152,-0.1236312387710759
MAP3K4,-0.13791114639902172
RTF1,-0.01563147639781133
ATP5G2,-0.049348455930949234
RSPO2,-0.061676572017432436
ATP6V1C2,-0.1516650969324016
HLA-DRB5,-0.12969025011062546
PRDM5,-0.24614505440225087
ZNF772,-0.08460335208463575
PPP2R2D,-0.07934702193454488
SLAMF1,-0.13249584470488815
FYN,-0.19217560571691344
ZBTB7B,-0.014018009623390169
HAVCR1,-0.058550869297234465
EIF1B,-0.18454494738523827
AR,-0.09970673052616007
CHRNB1,-0.10361149824171527
COL15A1,-0.16809309811425108
DDX49,-0.0408204971263626
RBM43,-0.13743774150402144
CALCB,-0.0347024226829525
IGFL1,-0.1198078792710659
MMP2,-0.11681785581387835
FAM163A,-0.06881992539059278
TMEM18,-0.16986268097255205
GLIS2,-0.03525354675976685
CYP3A5,-0.16325868966093762
UBL3,-0.12876746682831383
HAND2,-0.20386349044258287
CHEK1,-0.044855515580008734
FBN2,-0.10672861086957948
MEPE,-0.030951907987814893
GFPT2,-0.14526346685645627
PDE3B,-0.19429071291965594
NOLC1,-0.016038151470504955
NPM1,-0.051248694831216336
MRPL40,-0.08206867684153653
ADCY3,-0.14496047195854667
DCUN1D2,-0.06871829340811252
CTTNBP2,-0.1254619070072123
DEFB134,0.0
MS4A6E,-0.06328434426813817
ACADVL,-0.18229046330697488
TNRC6C,-0.07157235144214397
KRTAP4-1,0.08940567083714739
KCNRG,-0.11057166267660272
ANKRD49,-0.10345392204463336
USP30,-0.1462131470520882
CHN2,-0.1482922212894369
BHLHE23,0.0
NDUFAB1,-0.010482592811170633
SLC25A36,-0.1451886002521066
ZNF329,-0.09682570347769864
KIAA1462,-0.17588849569143208
RUNDC3B,-0.274858995934363
ZNF781,-0.2716982656327871
ABL1,-0.10245875682627636
JMJD6,-0.08390956348718233
DNAJB8,1.7243408894145362
BBS2,-0.2001369924342052
KLK2,-0.12108057717143807
ZNF600,-0.08362378736887797
DYRK1A,-0.08064158146866095
NMNAT3,-0.13279172268810965
FAM57B,-0.12728344207882475
UBR2,-0.08821974480475558
SLC25A45,-0.07415163251147337
IQGAP2,-0.15939700005859458
CECR6,-0.1618618632324328
PRKCD,-0.04014438506466733
SNAP25,-0.15181133109129827
MUC12,-0.10486101660064077
RNF207,-0.11896735789707284
RGMB,-0.14812715922309788
ROCK1,-0.1073129014900628
PPARD,-0.05173365409419496
PIK3CA,-0.0928602749685147
TMEM38B,-0.10586332965810744
PHYHIP,-0.14262521212221102
ERBB2,-0.16980439115244256
PHRF1,-0.004847889314130126
DLST,-0.16381836978193295
IRGQ,-0.025591192035067867
NAT8,-0.122693849823073
RSRC1,-0.03230229519133447
ATAD2,-0.03433743042182045
TDRD7,-0.041542393736645596
ITK,-0.13280502194525934
TMEM179B,-0.015307996414085265
TFF3,-0.12963662730063372
FLNB,-0.05566430685840277
SRA1,-0.04314225297356045
ETFB,-0.17065904473464683
IFNA8,0.0
PLA2G1B,0.002524835601561832
PARN,0.04043414979897873
HDAC6,-0.08479653654963093
ORMDL1,-0.09004478426412264
FBXO8,-0.14148583459506608
AAAS,-0.011305195430147087
HDAC4,-0.20012715268455125
LAT2,-0.0389839291154683
SEZ6L,-0.13556770102756496
MESP1,-0.166016325385996
RHOH,-0.108693865532697
SNAPC4,-0.03330995456645163
SLC15A3,-0.06799670024098836
ACTRT2,0.0
NAB1,-0.2137422260552117
KCNN3,-0.140164319368698
PNCK,-0.1382248205630532
TESK1,-0.100990376653325
HABP2,-0.14428801706283323
SAR1A,-0.10222720198742156
EFCAB5,-0.057417009599883786
NPC1L1,-0.15770052626219688
PSTPIP2,-0.10603873713499326
TOP2A,-0.07056445568759524
IKBKB,-0.08431189068776392
S100A1,-0.16371243568486038
PELP1,-0.040958863201858854
WNT5A,-0.12267724569262392
OXA1L,-0.10689804132653045
CBR3,-0.13415922752882217
DCBLD1,-0.07387360488800788
SLC25A30,-0.19490293122543365
DDB2,-0.1346269481424265
BANF2,0.7011077802156146
MTF2,-0.06499618463307057
CDK2,-0.008133140971968275
RTP4,-0.1252752448797971
ZNF71,-0.05201021040651435
CAPN9,-0.11642963760283277
MAP2K2,-0.060907704441046324
PLEKHM3,-0.2700237393174269
RGS16,-0.09389785900348288
PXMP4,-0.09951540217048135
ACBD5,-0.08468259912963871
OR51I2,0.0
C1QTNF8,0.2795489769225209
FAM120AOS,-0.031846162988888066
TMEM132A,-0.046257673689249566
TMEM64,-0.139208102401572
B4GALT1,-0.08377345889881936
PTPN6,-0.002502236781339608
MDH1B,-0.07589026699625344
BTK,-0.08960404426846934
PLA2R1,-0.2476345840032411
UGT2B15,-0.16812844245157746
KRT84,0.3315480404714356
GALC,-0.09891080684370815
PAK1,-0.09088956708616087
RD3,-0.005981289401386749
ITPK1,-0.10513906802125607
EID2,-0.08251113357818644
RAB19,-0.03464413882014143
YWHAQ,-0.08164575383534273
NEUROD4,-0.07332118045053869
ASNS,-0.08495689489501268
PGAM2,-0.04459842086966711
XIAP,-0.03788121301395217
SLC32A1,0.20188366357640594
WDR47,-0.09446969800302728
ATP6V1C1,-0.08253202683652773
RGS5,-0.13217605249071718
HTRA1,-0.11479689588138521
GDNF,-0.050522525916252815
SMCR8,-0.08856127203809058
ZNF530,-0.085757774685561
ZNF527,-0.14106781939888505
ARRB1,-0.18587841486933177
CCL21,-0.2373323172731803
AARS2,-0.047561608757254646
SREBF1,-0.068400014609176
IFT122,-0.07227356562241476
NLRP5,-0.10041435977532161
SH3BGRL2,-0.2961927839692056
SSX3,-0.026821323883597113
MED19,-0.03817413344397212
TUBD1,-0.14093640215600664
FAM69C,-0.09495874683108632
CCT5,-0.027267937918185887
RAP1A,-0.10142613853469301
KRTAP1-5,0.1277210546306244
BRD2,-0.02537975930443851
RRP9,-0.04680986696840212
BRSK2,-0.1525987468597897
CIDEB,-0.09205017646343396
SLC16A4,-0.18501192421471144
CHMP1A,-0.04440795608308711
AURKA,-0.02701310950005981
SCUBE1,-0.15232472110218384
ANKRD44,-0.1407208289373898
CD82,-0.1220114637473768
ZNF510,-0.130578482352352
VSIG4,-0.1864436503540876
TACO1,-0.07353088808705548
RARS2,-0.08681204752491624
RSPH3,-0.07494481302189139
IL24,-0.11341109322805085
KCNK16,-0.044886271068541504
HESX1,-0.09101487297504497
FAM174A,-0.027382142150399472
CITED1,-0.2286626460021406
PCDHB15,-0.2236213250407767
MFSD3,-0.06377807946225839
PLXNA2,-0.13794183585362488
NIPA1,-0.026994711905058668
SSFA2,-0.18022608733185777
FAM110A,-0.02684234230439822
ANGEL2,-0.01756375748808203
ZNF276,-0.11573536132272125
KCNQ4,-0.1960278551364957
GPR63,-0.1616886994469449
PITPNA,-0.08338016033740306
GSDMB,-0.1102339240954807
CTSB,-0.04132638774574386
MXD4,-0.10931754321085077
STAB2,-0.221055577878254
WBP2NL,-0.1807527164164582
ZBED3,-0.18137632207958795
DNASE2B,-0.1380510438718216
TIPARP,-0.22844514233268515
OR2T1,0.0
LCE1E,-0.019734599200882892
CASP1,-0.17247231598998766
XRCC3,-0.028338551666360207
ENTPD8,-0.12853315751261046
RNF122,-0.15014272497273792
KDM6A,-0.08021101701395343
PSG4,-0.1018440852932304
SEC31B,-0.19452245330488468
KCNG1,-0.13568724220067596
MTMR9,-0.15547030523586358
PREB,-0.027756058717989335
RSU1,-0.1532641217317486
MCF2,-0.10280094377230692
AHDC1,-0.13003799074446754
SOCS1,-0.1066048909426581
PTTG1IP,-0.02981341443021521
SLC22A5,-0.022055884573048322
LMTK3,-0.0635760505330046
SPIN3,-0.09761729210765759
TPRA1,-0.06633293960709143
TMEM8B,-0.07645387309064146
SH2B3,-0.13875575157262734
CEBPE,-0.010533512072409703
PRLR,-0.04080064403773023
ELOVL7,-0.1623321500127507
PNMA2,-0.17022925731825791
ETFDH,-0.1736366712431369
TXLNG,-0.11471356592563806
TMCC3,-0.21933488570770157
ZNF253,-0.050241290771995524
FAM3D,-0.12239657163097777
GLUD2,-0.10998991994671967
ABCC4,-0.11737027312032237
ELK4,-0.08337729845686645
PPP1R3G,-0.17466681342343424
MCL1,-0.15021158021313558
MEX3B,-0.10802683308576311
RPS6KB1,-0.11948549914059016
ZNF7,-0.04413650092391253
OPTC,0.5940483627918687
NDUFA1,-0.07342949425921426
GRB14,-0.15179673953533013
SGK2,-0.2225929524966149
ARHGAP32,-0.06179713591142081
SLC35F3,-0.2025315483994768
ZBTB9,0.012858032424961379
SLC36A1,-0.024022508519655924
KPNA4,-0.0682809696490882
TTC33,-0.18379598314365372
ATXN7L3,0.021999388180698843
ATP5E,-0.08729952609434015
ANKRD34B,-0.10883538200440845
SHC2,-0.1247582869864064
CSAG1,-0.1505012514092328
RIPK1,-0.048561334990717714
LIMS1,-0.11594013381285787
F13A1,-0.2082031548259221
HS6ST3,-0.10393949187913588
ARHGEF15,-0.2592237568939798
RAB42,-0.11839963271869124
MRTO4,-0.04707185971114516
TOMM7,-0.13457196896235354
FUNDC1,-0.025184005405272415
PHGDH,-0.11490167432658266
PDE8A,-0.18765960762170522
ARHGEF18,-0.02055160767447456
RPN2,-0.038061866700388566
CTPS2,-0.059599036683280204
SNRPA,-0.06943151611196423
SIGLEC6,-0.13268397185175265
APEX1,-0.04248436190088641
CCND1,-0.1016093521351702
KLF10,-0.21912844057249434
FSTL1,-0.20735041146502375
DYSF,-0.11845130528790504
LAMA3,-0.2751963723373881
HSP90AA1,-0.06500195917513056
FAP,-0.0008879159158058107
THUMPD3,-0.008075983744095358
ASB12,-0.03238564898539702
ACRV1,-0.038519466602914255
HDC,-0.07855888620321237
MLEC,-0.057828704046356816
RND2,-0.12766066379111285
DNAH3,-0.12245140572669977
HDX,-0.09008901349208222
ANKRD40,-0.2170362519513665
KCTD13,-0.013722063980008735
CDK9,-0.04630227897834659
SLC6A13,-0.008910031021053219
PDX1,-0.012314150109981907
PDCD11,-0.04658913056565788
COX7A2L,-0.039382961708784095
EBF1,-0.25514239151323553
FBXO33,-0.1809918848249217
A2M,-0.22390648647027106
RING1,-0.07132806372152965
GUK1,-0.04908872234538736
NPFFR2,-0.1267782795931542
MAPK9,-0.02252687832479128
KCNA4,-0.08161697699560728
TNFRSF8,-0.22424295201935734
FRMD6,-0.1757132476453587
OTUD4,-0.11893533299566623
SET,-0.006928536984355685
BCLAF1,-0.08859864580777901
EIF5,-0.10956998166953462
SPAG16,-0.1502528339413356
SLC6A18,0.0
MYBPC2,-0.03264842085401665
RIMS3,-0.2657179555274476
GPR174,-0.1508536449969463
CSE1L,-0.04907513856382617
ZNF789,-0.12122911625471318
EIF2S1,-0.06504397743186412
CDH9,0.0
CEP72,-0.07334673943940083
IFT172,-0.07205379568308691
TYW1,-0.004564826275056748
ZIK1,-0.15352491288566472
NLGN4Y,-0.08874761346901042
HIVEP2,-0.15416193955960839
MCM9,-0.08982335135222075
MARCH3,-0.11512859989565592
PIK3CB,-0.08173980447516135
QPCTL,-0.04146848230224304
LRP12,-0.13539523435554632
RPH3A,-0.09781703181989411
SLC29A3,-0.035077962214601334
NXPH1,-0.10333965913914545
SYT11,-0.13789152497589574
BCOR,0.001751804980025162
NUDT17,-0.0867882627658621
GAL3ST1,-0.20171020898557787
TSPAN19,0.03102751705439507
SQSTM1,-0.0910054398895365
RHOB,-0.09938388891286395
OR13A1,-0.04730715591592595
SMOX,-0.11447123975261128
TBX19,-0.17522884416935267
TMEM198,-0.1117413215616738
NDUFA10,-0.054141498903414804
CORO1B,-0.04148603240926569
CHST4,-0.13603194412943684
PCGF3,-0.06269640886565642
PRTN3,-0.03209303049689949
PRKCB,-0.1457980279465399
LYPD6,-0.17332719092673846
GLS2,-0.1146492719977964
OR2A12,0.0
SPG7,-0.09335285573862635
MAN2C1,-0.1621695240135911
HAL,-0.1417609202722533
KALRN,-0.2314666453196636
TP53INP2,-0.09755988896940973
CCDC94,-0.07479963640233278
DSG1,-0.12051307894291854
CDS2,-0.07998370906933672
WISP1,-0.03797568044851644
FAM186A,-0.11911410412303011
VWDE,-0.19511791112599622
ZNF862,-0.1240088429598594
KRT32,-0.10551862175028709
ZDHHC13,-0.016775062401844603
ALDH3B2,-0.13281353170580598
TAF4B,-0.18796220648831444
CA12,-0.026522109053811936
PRR4,-0.059631994819105305
TTPAL,-0.06078403441801973
P2RY6,-0.09847252183921179
RAPSN,-0.0810979091817063
PSMG1,-0.08019003053924875
RUVBL2,-0.012892860504672915
EME1,-0.0748501847852805
PEG10,-0.1500883990580099
IMP3,-0.05563623303054784
FASLG,-0.130925746782359
BRD8,-0.048109036923311
ZNF404,-0.14462866445987757
NUP107,-0.09084122058483507
QRICH1,-0.05396651743624851
FBXO16,-0.024245638977299817
ADAMTSL1,-0.18447739666489507
LIMK1,-0.01596514293417526
DDX25,-0.13746765315477422
OR51V1,0.0
DHX16,-0.025144677963680605
JMJD4,-0.048205776744005585
CRLS1,-0.11575762123093698
ITIH3,-0.048762369714119506
WARS,-0.14725563302496378
DDX60,-0.09611911576325814
LYSMD2,-0.07836352816220488
FAM47A,-0.15822035713307214
SYT8,-0.16165327215432534
SGTB,-0.15426383223831114
EPHB4,-0.05883179753535667
MIER1,-0.09630000938530951
FLT1,-0.19411995463481846
MLPH,-0.024219390409103918
MYO18B,-0.04490670700492819
KRTAP27-1,0.0
ETV3,-0.11018094285915495
HMX1,-0.08477480093626967
IDI1,-0.10469379013195095
CCDC90B,-0.12708552370340007
B3GNT9,-0.04718517755854106
WDTC1,-0.1442262445149072
SLC7A1,-0.09353468728807086
TFPI2,-0.1829642784817513
HSP90AB1,-0.03710488881615778
RUNDC3A,-0.1711325933426749
TRDMT1,-0.19585143081818335
CAPZB,-0.0014499032508330754
MED29,-0.03541629590533427
PKN1,-0.03523848382080782
OLIG1,-0.06721549989842827
UBE3C,-0.04401550491094084
SMURF2,-0.14884890661553127
SLC25A32,-0.0746070231690925
OR8B8,0.0
HDLBP,-0.028249865509364567
MUC13,-0.11601533505807071
DOT1L,-0.02070181720897305
DAPK3,-0.03994081905500863
TMEM8C,0.40911270951605466
CCDC146,-0.13823437810771533
CLDN4,-0.07039815313552004
TFCP2L1,-0.1842200917162755
TKT,-0.14272074893287384
OSR1,-0.2744020662756167
SMO,-0.13369818308990924
TRIM37,-0.08474859008788077
CD63,-0.07985209938545822
NTHL1,-0.0749154939764644
PEX2,-0.08832673218124908
PRRG3,-0.2408775227890092
FAM26F,-0.10513695092482915
FYCO1,-0.1339170623267496
PPCDC,-0.060046047019474656
IL26,0.2070840214877888
CLEC10A,-0.21079243928956773
ESR1,-0.042928894776105266
NELL1,-0.1039463493582246
PDE9A,-0.22049990501446587
EFNA5,-0.17658654952937766
CALR,-0.013969463019800754
PDE10A,-0.13503470611001706
MAT2B,-0.12038277118099602
FANCM,-0.11804121984663077
MFAP2,-0.04133050674896816
TTLL2,-0.08500029666594336
SMAGP,-0.08757971706527265
ATG16L1,-0.02646335617514649
MAP2K5,-0.1521084532541886
PRM2,0.0
CSRNP1,-0.26764162145750586
LCE3C,0.0
MSH2,-0.06421636668053564
POLR2G,-0.0125530376636564
FNBP1,-0.09005568736661138
KIF25,-0.21851710261745128
KDR,-0.2166259690418443
IL12B,-0.06968003515416689
MYBPC1,-0.06849327970227427
ACSL3,-0.10411022831229148
UBE2L3,-0.04931248231413922
DLX3,-0.08523010948329961
AKT2,-0.10419214764387232
LGR5,-0.11240112690736474
SOX8,-0.1853656152599997
HGD,-0.13026494636978247
UBXN7,-0.1153425420594494
BUB3,-0.025254257497605025
CSNK1A1L,-0.10493387797710628
MED10,-0.06961342963882505
HS3ST5,-0.09247465290901592
TPRX1,0.661909908288621
CLMN,-0.1349674620181851
PEX13,-0.016276066750003718
PDGFA,-0.20104969690790814
FGL1,-0.04399219585160936
RAC3,-0.06619603447467338
BIRC2,-0.13738016805255368
STOML3,-0.02306563386782929
CCNA1,-0.14555497605261894
NEUROD2,-0.03717346470120487
SH2B1,-0.07250855744923354
FRZB,-0.10848553232804263
TEC,-0.15053245030520418
TRIAP1,-0.05768853260339336
GPR82,-0.10476644535201327
PLK2,-0.14188288126469573
PCYOX1L,0.013300707915528766
FANCF,0.040350543255181524
MRGPRD,0.028285125828406966
SACS,-0.23472550633074335
GJC2,-0.18045147631246242
KCNB1,-0.2527730064626437
AGPAT2,-0.19203669038028642
THRB,-0.2554522819721811
FANK1,-0.060121265275181655
ZEB1,-0.1871390458088574
NR2F2,-0.09103595671536552
ADAM2,-0.06877347374692865
CPLX1,-0.10102256321286635
NEXN,-0.11764872124481869
SAMD9,-0.100618380794602
MESP2,-0.11362265003254
APRT,-0.07587982472307173
CDK13,-0.026844359621100017
ARHGEF19,-0.04695008634304256
EBAG9,-0.08998883797514791
ABCF1,-0.021560832326180217
CDYL,-0.06456092107417691
VPS35,-0.09708931720695071
ATP6V1B2,-0.05787446858639883
MYOG,-0.037494265828844076
FAM111B,-0.04999406286052485
RNASE3,0.0988034816933313
CASR,0.07516183780806537
USP7,0.004871003884193371
